{
  "project_info": {
    "project_number": "435800462707",
    "firebase_url": "https://scanner-5644d.firebaseio.com",
    "project_id": "scanner-5644d",
    "storage_bucket": "scanner-5644d.appspot.com"
  },
  "client": [
    {
      "client_info": {
        "mobilesdk_app_id": "1:435800462707:android:6b8737480c53a600f76106",
        "android_client_info": {
          "package_name": "com.example.scanner"
        }
      },
      "oauth_client": [
        {
          "client_id": "435800462707-0p0mfl5h8iusa2l8vldbq85hejmagv7l.apps.googleusercontent.com",
          "client_type": 1,
          "android_info": {
            "package_name": "com.example.scanner",
            "certificate_hash": "28fc6a8120c8849852d16e6a69a5dd1da5c04f58"
          }
        },
        {
          "client_id": "435800462707-vh7dtnh4v5oopocngglu955q5je8n2i4.apps.googleusercontent.com",
          "client_type": 3
        }
      ],
      "api_key": [
        {
          "current_key": "AIzaSyDbgXGg1Gm1xXolKlHOCmRkH71szthy5dY"
        }
      ],
      "services": {
        "appinvite_service": {
          "other_platform_oauth_client": [
            {
              "client_id": "435800462707-vh7dtnh4v5oopocngglu955q5je8n2i4.apps.googleusercontent.com",
              "client_type": 3
            }
          ]
        }
      }
    }
  ],
  "configuration_version": "1"
}